{
  "run_id": "20260308_145229_filter_dep_only",
  "generated_at_utc": "2026-03-08T14:52:29.300661+00:00",
  "gold": 27,
  "predicted": 24,
  "tp": 19,
  "fp": 5,
  "fn": 8,
  "precision": 0.791667,
  "recall": 0.703704,
  "f1": 0.745098
}