{
  "run_id": "20260308_145652_filter_dep_highfreq",
  "generated_at_utc": "2026-03-08T14:56:52.736842+00:00",
  "gold": 27,
  "predicted": 41,
  "tp": 22,
  "fp": 19,
  "fn": 5,
  "precision": 0.536585,
  "recall": 0.814815,
  "f1": 0.647059
}