{
  "run_id": "20260309_084806_gold-corrected",
  "generated_at_utc": "2026-03-09T08:48:06.742025+00:00",
  "gold": 29,
  "predicted": 31,
  "tp": 23,
  "fp": 8,
  "fn": 6,
  "precision": 0.741935,
  "recall": 0.793103,
  "f1": 0.766667
}