{
  "run_id": "20260308_145354_filter_blocklist",
  "generated_at_utc": "2026-03-08T14:53:54.595309+00:00",
  "gold": 27,
  "predicted": 71,
  "tp": 25,
  "fp": 46,
  "fn": 2,
  "precision": 0.352113,
  "recall": 0.925926,
  "f1": 0.510204
}