{
  "run_id": "20260308_145055_filter_none",
  "generated_at_utc": "2026-03-08T14:50:55.843068+00:00",
  "gold": 27,
  "predicted": 75,
  "tp": 25,
  "fp": 50,
  "fn": 2,
  "precision": 0.333333,
  "recall": 0.925926,
  "f1": 0.490196
}