{
  "run_id": "20260309_134256_gold_v1_0",
  "generated_at_utc": "2026-03-09T13:42:56.181980+00:00",
  "gold": 29,
  "predicted": 30,
  "tp": 23,
  "fp": 7,
  "fn": 6,
  "precision": 0.766667,
  "recall": 0.793103,
  "f1": 0.779661
}