{
  "run_id": "20260308_145520_filter_dep_extended",
  "generated_at_utc": "2026-03-08T14:55:20.732983+00:00",
  "gold": 27,
  "predicted": 35,
  "tp": 23,
  "fp": 12,
  "fn": 4,
  "precision": 0.657143,
  "recall": 0.851852,
  "f1": 0.741935
}