{
  "run_id": "20260307_063831",
  "generated_at_utc": "2026-03-07T06:38:31.653404+00:00",
  "gold": 18,
  "predicted": 104,
  "tp": 18,
  "fp": 86,
  "fn": 0,
  "precision": 0.173077,
  "recall": 1.0,
  "f1": 0.295082
}