{
  "run_id": "20260308_060227_filter_none",
  "generated_at_utc": "2026-03-08T06:02:27.358540+00:00",
  "gold": 18,
  "predicted": 31,
  "tp": 14,
  "fp": 17,
  "fn": 4,
  "precision": 0.451613,
  "recall": 0.777778,
  "f1": 0.571429
}