{
  "run_id": "20260308_060634_filter_hybrid",
  "generated_at_utc": "2026-03-08T06:06:34.472726+00:00",
  "gold": 18,
  "predicted": 23,
  "tp": 14,
  "fp": 9,
  "fn": 4,
  "precision": 0.608696,
  "recall": 0.777778,
  "f1": 0.682927
}