{
  "run_id": "20260308_060457_filter_dep_extended",
  "generated_at_utc": "2026-03-08T06:04:57.309505+00:00",
  "gold": 18,
  "predicted": 16,
  "tp": 12,
  "fp": 4,
  "fn": 6,
  "precision": 0.75,
  "recall": 0.666667,
  "f1": 0.705882
}