{
  "run_id": "20260308_052154_tested-on-pure-gold",
  "generated_at_utc": "2026-03-08T05:21:54.921602+00:00",
  "gold": 18,
  "predicted": 31,
  "tp": 14,
  "fp": 17,
  "fn": 4,
  "precision": 0.451613,
  "recall": 0.777778,
  "f1": 0.571429
}