{
  "run_id": "20260308_052938_dep_parse_filter",
  "generated_at_utc": "2026-03-08T05:29:38.876830+00:00",
  "gold": 18,
  "predicted": 10,
  "tp": 9,
  "fp": 1,
  "fn": 9,
  "precision": 0.9,
  "recall": 0.5,
  "f1": 0.642857
}